{
  "state_features": [
    "queue_utilization",
    "total_occupancy",
    "ttl_priority"
  ],
  "mean": [
    0.019544995101830366,
    30218.031451405,
    0.00803093580819799
  ],
  "std": [
    0.03073673009553538,
    34160.55983617003,
    0.003898774861676669
  ],
  "statistics": {
    "queue_utilization": {
      "mean": 0.019544995101830366,
      "std": 0.03073673009553538,
      "min": 0.0,
      "max": 0.1518,
      "count": 19395
    },
    "total_occupancy": {
      "mean": 30218.031451405,
      "std": 34160.55983617003,
      "min": 0.0,
      "max": 220464.0,
      "count": 19395
    },
    "ttl_priority": {
      "mean": 0.00803093580819799,
      "std": 0.003898774861676669,
      "min": 0.004,
      "max": 0.036,
      "count": 19395
    }
  }
}