{
  "fqe_return": -5.875836372375488,
  "bootstrap_mean": -5.875808844566345,
  "ci95": [
    -5.878655326366425,
    -5.8733728408813475
  ],
  "behavior_return": {
    "fqe_return": -5.778316020965576,
    "bootstrap_mean": -5.778362979888916,
    "ci95": [
      -5.780121564865112,
      -5.776289403438568
    ]
  },
  "per_policy": {
    "dibs": {
      "fqe_return": -9.462615013122559,
      "bootstrap_mean": -9.46499171257019,
      "ci95": [
        -9.509465956687928,
        -9.419338011741639
      ]
    },
    "ecmp": {
      "fqe_return": -6.447416305541992,
      "bootstrap_mean": -6.446899185180664,
      "ci95": [
        -6.4694599390029905,
        -6.425611770153045
      ]
    },
    "probabilistic": {
      "fqe_return": -5.383760452270508,
      "bootstrap_mean": -5.382628579139709,
      "ci95": [
        -5.40152815580368,
        -5.360811221599579
      ]
    },
    "random": {
      "fqe_return": -3.4478538036346436,
      "bootstrap_mean": -3.449028341770172,
      "ci95": [
        -3.4797555267810822,
        -3.423460751771927
      ]
    },
    "threshold": {
      "fqe_return": -7.987476825714111,
      "bootstrap_mean": -7.9876068234443665,
      "ci95": [
        -8.000466966629029,
        -7.973679161071777
      ]
    },
    "threshold_tb": {
      "fqe_return": -5.338957786560059,
      "bootstrap_mean": -5.338852863311768,
      "ci95": [
        -5.353934121131897,
        -5.320291578769684
      ]
    },
    "vertigo": {
      "fqe_return": -9.201960563659668,
      "bootstrap_mean": -9.201539726257325,
      "ci95": [
        -9.211705088615417,
        -9.19156219959259
      ]
    }
  },
  "per_policy_behavior": {
    "dibs": {
      "fqe_return": -3.513016939163208,
      "bootstrap_mean": -3.5130175495147706,
      "ci95": [
        -3.5180030286312105,
        -3.508931940793991
      ]
    },
    "ecmp": {
      "fqe_return": -2.567927360534668,
      "bootstrap_mean": -2.5679010570049288,
      "ci95": [
        -2.569431722164154,
        -2.566148352622986
      ]
    },
    "probabilistic": {
      "fqe_return": -2.987260580062866,
      "bootstrap_mean": -2.9872913694381715,
      "ci95": [
        -2.9891902208328247,
        -2.985392963886261
      ]
    },
    "random": {
      "fqe_return": -2.448467254638672,
      "bootstrap_mean": -2.4480102860927584,
      "ci95": [
        -2.452620953321457,
        -2.4429442167282103
      ]
    },
    "threshold": {
      "fqe_return": -3.4474689960479736,
      "bootstrap_mean": -3.4474739158153533,
      "ci95": [
        -3.452214753627777,
        -3.4427609503269196
      ]
    },
    "threshold_tb": {
      "fqe_return": -3.1541576385498047,
      "bootstrap_mean": -3.1541475117206574,
      "ci95": [
        -3.1550662875175477,
        -3.153100293874741
      ]
    },
    "vertigo": {
      "fqe_return": -2.713972806930542,
      "bootstrap_mean": -2.7140032601356507,
      "ci95": [
        -2.7154162347316744,
        -2.7125773310661314
      ]
    }
  }
}