{
  "fqe_return": -5.647861003875732,
  "bootstrap_mean": -5.648668305873871,
  "ci95": [
    -5.66439425945282,
    -5.6331140995025635
  ],
  "per_policy": {
    "dibs": {
      "fqe_return": -6.304932594299316,
      "bootstrap_mean": -6.306005611419677,
      "ci95": [
        -6.3212698101997375,
        -6.2908290982246395
      ]
    }
  }
}