{
  "fqe_return": -5.936832427978516,
  "bootstrap_mean": -5.937311220169067,
  "ci95": [
    -5.952898335456848,
    -5.919898152351379
  ],
  "per_policy": {
    "dibs": {
      "fqe_return": -7.251988887786865,
      "bootstrap_mean": -7.252960412502289,
      "ci95": [
        -7.268416905403138,
        -7.237591075897217
      ]
    }
  }
}