{
  "fqe_return": -5.089169502258301,
  "bootstrap_mean": -5.088616921901703,
  "ci95": [
    -5.107968044281006,
    -5.068065106868744
  ],
  "per_policy": {
    "dibs": {
      "fqe_return": -6.472260475158691,
      "bootstrap_mean": -6.473253514766693,
      "ci95": [
        -6.489161598682403,
        -6.45728884935379
      ]
    }
  }
}