{
  "fqe_return": -18.713369369506836,
  "bootstrap_mean": -18.71214285850525,
  "ci95": [
    -18.759953689575195,
    -18.657483863830567
  ],
  "behavior_return": {
    "fqe_return": -17.454050064086914,
    "bootstrap_mean": -17.452838716506957,
    "ci95": [
      -17.50229916572571,
      -17.39889078140259
    ]
  },
  "per_policy": {
    "dibs": {
      "fqe_return": -10.213533401489258,
      "bootstrap_mean": -10.215289053916932,
      "ci95": [
        -10.267237973213195,
        -10.167792010307313
      ]
    },
    "ecmp": {
      "fqe_return": -7.054317474365234,
      "bootstrap_mean": -7.053584523200989,
      "ci95": [
        -7.078728520870209,
        -7.027892541885376
      ]
    },
    "probabilistic": {
      "fqe_return": -5.461855888366699,
      "bootstrap_mean": -5.460671401023864,
      "ci95": [
        -5.4828165650367735,
        -5.434105706214905
      ]
    },
    "random": {
      "fqe_return": -3.8327746391296387,
      "bootstrap_mean": -3.834258408546448,
      "ci95": [
        -3.8700202643871306,
        -3.8037225723266603
      ]
    },
    "threshold": {
      "fqe_return": -8.21895980834961,
      "bootstrap_mean": -8.219090104103088,
      "ci95": [
        -8.234698700904847,
        -8.201642394065857
      ]
    },
    "threshold_tb": {
      "fqe_return": -5.051492691040039,
      "bootstrap_mean": -5.0513148641586305,
      "ci95": [
        -5.0683321237564085,
        -5.029734468460083
      ]
    },
    "vertigo": {
      "fqe_return": -9.859908103942871,
      "bootstrap_mean": -9.859346098899842,
      "ci95": [
        -9.873184990882873,
        -9.846489024162292
      ]
    }
  },
  "per_policy_behavior": {
    "dibs": {
      "fqe_return": -10.439353942871094,
      "bootstrap_mean": -10.441620192527772,
      "ci95": [
        -10.48979630470276,
        -10.385798025131226
      ]
    },
    "ecmp": {
      "fqe_return": -7.215282917022705,
      "bootstrap_mean": -7.215306768417358,
      "ci95": [
        -7.242907905578614,
        -7.186708772182465
      ]
    },
    "probabilistic": {
      "fqe_return": -4.344014644622803,
      "bootstrap_mean": -4.344850561618805,
      "ci95": [
        -4.37338433265686,
        -4.315531623363495
      ]
    },
    "random": {
      "fqe_return": -3.9709885120391846,
      "bootstrap_mean": -3.9679994332790374,
      "ci95": [
        -4.001617431640625,
        -3.931079018115997
      ]
    },
    "threshold": {
      "fqe_return": -8.479381561279297,
      "bootstrap_mean": -8.479210805892944,
      "ci95": [
        -8.495293450355529,
        -8.463208866119384
      ]
    },
    "threshold_tb": {
      "fqe_return": -5.489229679107666,
      "bootstrap_mean": -5.48946964263916,
      "ci95": [
        -5.50731852054596,
        -5.472627437114715
      ]
    },
    "vertigo": {
      "fqe_return": -10.064270973205566,
      "bootstrap_mean": -10.064462971687316,
      "ci95": [
        -10.076994562149048,
        -10.053701090812684
      ]
    }
  }
}